{
    "accuracy": 0.7531556802244039,
    "balanced_accuracy": 0.7375775283734187,
    "f1_macro": 0.7404153130476775,
    "mcc": 0.6210740783315033
}