{
    "accuracy": 0.8568994889267462,
    "balanced_accuracy": 0.8055487099062768,
    "f1_macro": 0.8066710452040139,
    "mcc": 0.7100286421856489
}